timestamp,rss_bytes
1784419296.97295,26382336
1784419297.0736587,26382336
1784419297.174471,26382336
1784419297.2750914,26382336
1784419297.3756945,26382336
1784419297.4763122,26382336
1784419297.5769436,26382336
1784419297.6775932,26382336
1784419297.778223,26382336
1784419297.8788853,26382336
1784419297.979607,26382336
1784419298.080312,26382336
1784419298.180956,26382336
1784419298.281594,26382336
1784419298.3822641,26382336
1784419298.4829917,26382336
1784419298.5836167,26382336
1784419298.6842573,26382336
1784419298.7848952,26382336
1784419298.8855367,26382336
1784419298.9861755,26382336
1784419299.0868077,26382336
1784419299.187468,26382336
1784419299.288117,26382336
1784419299.3887975,26382336
1784419299.489437,26382336
1784419299.5900886,26382336
1784419299.690826,26382336
1784419299.7915542,26382336
1784419299.8922973,26382336
1784419299.9929526,26382336
1784419300.0936723,26382336
1784419300.1944263,26382336
1784419300.2951121,26382336
1784419300.3957882,26382336
1784419300.4964986,26382336
1784419300.5972018,26382336
1784419300.6979303,26382336
1784419300.7986083,26382336
1784419300.899258,26382336
1784419300.9995894,26382336
1784419301.1024296,26382336
1784419301.2030861,26382336
1784419301.3038013,26382336
1784419301.4044473,26382336
1784419301.5051892,26382336
1784419301.6058364,26382336
1784419301.706486,26382336
1784419301.8071702,26382336
1784419301.9079347,26382336
1784419302.0086057,26382336
1784419302.1092663,26382336
1784419302.210029,26382336
1784419302.310774,26382336
1784419302.4114933,26382336
1784419302.5121405,26382336
1784419302.61285,26382336
1784419302.7135115,26382336
1784419302.8141775,26382336
1784419302.9148362,26382336
1784419303.0154982,26382336
1784419303.1162176,26382336
1784419303.2168741,26382336
1784419303.3176613,26382336
1784419303.4183266,26382336
1784419303.5190542,26382336
1784419303.619739,26382336
1784419303.7204056,26382336
1784419303.8210802,26382336
1784419303.9217541,26382336
1784419304.0224357,26382336
1784419304.1230872,26382336
1784419304.223731,26382336
1784419304.3243983,26382336
1784419304.4250512,26382336
1784419304.5257032,26382336
1784419304.6263857,26382336
1784419304.7270517,26382336
1784419304.827785,26382336
1784419304.9284532,26382336
1784419305.0292704,26382336
1784419305.1300504,26382336
1784419305.2307124,26382336
1784419305.3314834,26382336
1784419305.4322221,26382336
1784419305.5328848,26382336
1784419305.6335351,26382336
1784419305.7341871,26382336
1784419305.8348782,26382336
1784419305.9355676,26382336
1784419306.0362544,26382336
1784419306.1370268,26382336
1784419306.237767,26382336
1784419306.338451,26382336
1784419306.4391117,26382336
1784419306.5397809,26382336
1784419306.6404696,26382336
1784419306.7412202,26382336
1784419306.8419423,26382336
1784419306.9426038,26382336
1784419307.0432696,26382336
1784419307.1440072,26382336
1784419307.2447639,26382336
1784419307.3455536,26382336
1784419307.446225,26382336
1784419307.5469327,26382336
1784419307.6476564,26382336
1784419307.7485108,26382336
1784419307.849183,26382336
1784419307.9499004,26382336
1784419308.0506449,26382336
1784419308.1513093,26382336
1784419308.2520006,26382336
1784419308.35266,26382336
1784419308.4533393,26382336
1784419308.5540998,26382336
1784419308.6547568,26382336
1784419308.7555916,26382336
1784419308.8563557,26382336
1784419308.95705,26382336
1784419309.0577865,26382336
1784419309.1584466,26382336
1784419309.2591126,26382336
1784419309.359819,26382336
1784419309.4604986,26382336
1784419309.561174,26382336
1784419309.6618345,26382336
1784419309.7624962,26382336
1784419309.8631651,26382336
1784419309.9638228,26382336
1784419310.0644648,26382336
1784419310.1652393,26382336
1784419310.265896,26382336
1784419310.3665485,26382336
1784419310.4672008,26382336
1784419310.5679953,26382336
1784419310.6686604,26382336
1784419310.7693248,26382336
1784419310.8700898,26382336
1784419310.9707928,26382336
1784419311.0714827,26382336
1784419311.1721964,26382336
1784419311.2728572,26382336
1784419311.3736565,26382336
1784419311.4743009,26382336
1784419311.5750563,26382336
1784419311.6757107,26382336
1784419311.7763827,26382336
1784419311.877099,26382336
